"week","matchdate","time","home","score","away","attendance"
"1","2023-07-28","20:00:00","MTK Budapest","1-1","Paks","2223"
"1","2023-07-29","18:00:00","Diósgyőr","0-1","Puskás","7579"
"1","2023-07-29","20:15:00","Újpest","2-1","Vidi","5086"
"1","2023-07-30","20:00:00","Zalaegerszeg","0-2","Kisvárda","2314"
"1","2023-07-31","20:00:00","Debrecen","3-1","Mezőkövesd","4844"
"2","2023-08-04","20:00:00","Puskás","3-3","Újpest","3500"
"2","2023-08-05","17:45:00","Mezőkövesd","2-4","Diósgyőr","3915"
"2","2023-08-06","17:45:00","Vidi","3-5","Ferencváros","7051"
"2","2023-08-06","20:00:00","Zalaegerszeg","2-1","MTK Budapest","1823"
"2","2023-08-07","20:00:00","Kecskemét","3-1","Kisvárda","2523"
"3","2023-08-11","20:00:00","MTK Budapest","0-0","Kisvárda","1979"
"3","2023-08-12","20:15:00","Diósgyőr","1-1","Paks","6649"
"3","2023-08-12","18:00:00","Újpest","1-1","Mezőkövesd","5115"
"3","2023-08-13","16:30:00","Debrecen","1-0","Zalaegerszeg","5011"
"3","2023-08-13","18:45:00","Ferencváros","1-2","Puskás","10527"
"3","2023-08-13","21:00:00","Kecskemét","1-0","Vidi","3487"
"4","2023-08-18","18:00:00","Puskás","2-2","Vidi","3102"
"4","2023-08-18","20:15:00","Zalaegerszeg","1-3","Diósgyőr","2792"
"4","2023-08-19","17:45:00","MTK Budapest","1-0","Kecskemét","2319"
"4","2023-08-19","20:00:00","Paks","3-0","Újpest","3076"
"4","2023-08-21","20:15:00","Debrecen","4-1","Kisvárda","4011"
"5","2023-08-26","17:45:00","Diósgyőr","2-0","Kisvárda","6651"
"5","2023-08-26","15:30:00","Kecskemét","4-1","Puskás","2786"
"5","2023-08-26","20:00:00","Újpest","2-1","Zalaegerszeg","4003"
"5","2023-08-27","15:30:00","Debrecen","1-3","MTK Budapest","4114"
"5","2023-08-27","17:30:00","Ferencváros","6-1","Paks","7657"
"5","2023-08-27","19:30:00","Vidi","2-0","Mezőkövesd","3217"
"6","2023-09-01","20:00:00","Újpest","3-2","Kisvárda","398"
"6","2023-09-02","15:15:00","MTK Budapest","2-1","Diósgyőr","3679"
"6","2023-09-02","19:30:00","Paks","2-0","Vidi","2411"
"6","2023-09-03","19:30:00","Debrecen","2-0","Kecskemét","4521"
"6","2023-09-03","14:15:00","Mezőkövesd","1-3","Puskás","1800"
"6","2023-09-03","17:15:00","Zalaegerszeg","2-6","Ferencváros","5313"
"7","2023-09-22","20:00:00","Kecskemét","0-2","Mezőkövesd","3647"
"7","2023-09-23","17:00:00","Diósgyőr","3-1","Debrecen","9518"
"7","2023-09-23","14:30:00","Puskás","0-2","Paks","1510"
"7","2023-09-23","19:30:00","Újpest","0-2","MTK Budapest","4561"
"7","2023-09-24","17:30:00","Ferencváros","1-0","Kisvárda","8127"
"7","2023-09-24","15:00:00","Vidi","3-3","Zalaegerszeg","2656"
"1","2023-09-27","20:00:00","Ferencváros","1-0","Kecskemét","7299"
"2","2023-09-27","17:45:00","Paks","2-0","Debrecen","1890"
"8","2023-09-29","20:00:00","Zalaegerszeg","1-1","Puskás","2872"
"8","2023-09-30","19:30:00","Debrecen","1-2","Újpest","6645"
"8","2023-09-30","17:00:00","MTK Budapest","1-6","Ferencváros","5322"
"8","2023-09-30","14:30:00","Paks","2-1","Mezőkövesd","1834"
"8","2023-10-01","17:30:00","Diósgyőr","3-1","Kecskemét","7292"
"8","2023-10-01","15:00:00","Vidi","3-1","Kisvárda","2272"
"9","2023-10-06","20:30:00","Puskás","1-0","Kisvárda","1115"
"9","2023-10-07","20:30:00","Kecskemét","1-1","Paks","3785"
"9","2023-10-07","12:45:00","Mezőkövesd","1-2","Zalaegerszeg","1597"
"9","2023-10-07","16:15:00","Újpest","2-0","Diósgyőr","7188"
"9","2023-10-08","16:30:00","Ferencváros","2-2","Debrecen","12793"
"9","2023-10-08","13:00:00","Vidi","3-0","MTK Budapest","3136"
"10","2023-10-21","12:30:00","Kisvárda","2-1","Mezőkövesd","2150"
"10","2023-10-21","17:00:00","Újpest","5-3","Kecskemét","5732"
"10","2023-10-21","14:45:00","Zalaegerszeg","2-5","Paks","3277"
"10","2023-10-22","15:30:00","Debrecen","3-1","Vidi","5870"
"10","2023-10-22","17:45:00","Diósgyőr","1-2","Ferencváros","12178"
"10","2023-10-22","13:15:00","MTK Budapest","0-5","Puskás","2625"
"11","2023-10-28","12:30:00","Kecskemét","3-1","Zalaegerszeg","2487"
"11","2023-10-28","17:00:00","Puskás","1-1","Debrecen","1721"
"11","2023-10-28","14:45:00","Vidi","4-0","Diósgyőr","3096"
"11","2023-10-29","18:00:00","Ferencváros","3-0","Újpest","20357"
"11","2023-10-29","13:15:00","Mezőkövesd","1-0","MTK Budapest","1791"
"11","2023-10-29","15:30:00","Paks","3-1","Kisvárda","2078"
"12","2023-11-04","12:30:00","Mezőkövesd","2-1","Debrecen","2119"
"12","2023-11-04","15:45:00","Puskás","0-0","Diósgyőr","1680"
"12","2023-11-04","18:00:00","Vidi","2-1","Újpest","4990"
"12","2023-11-05","14:45:00","Kecskemét","2-1","Ferencváros","4957"
"12","2023-11-05","12:30:00","Kisvárda","0-1","Zalaegerszeg","1820"
"12","2023-11-05","18:30:00","Paks","0-0","MTK Budapest","1824"
"13","2023-11-10","20:00:00","MTK Budapest","2-0","Zalaegerszeg","1923"
"13","2023-11-11","14:15:00","Diósgyőr","2-0","Mezőkövesd","6821"
"13","2023-11-11","19:30:00","Újpest","1-2","Puskás","4187"
"13","2023-11-12","18:30:00","Debrecen","1-0","Paks","4144"
"13","2023-11-12","16:00:00","Ferencváros","0-1","Vidi","11007"
"13","2023-11-12","13:30:00","Kisvárda","1-2","Kecskemét","2141"
"14","2023-11-24","20:00:00","Paks","4-1","Diósgyőr","1712"
"14","2023-11-25","14:45:00","Kisvárda","3-1","MTK Budapest","1890"
"14","2023-11-25","19:30:00","Mezőkövesd","4-0","Újpest","1896"
"14","2023-11-25","17:00:00","Zalaegerszeg","1-2","Debrecen","1914"
"14","2023-11-26","17:00:00","Puskás","1-1","Ferencváros","3525"
"14","2023-11-26","19:30:00","Vidi","3-3","Kecskemét","1752"
"15","2023-12-02","13:00:00","Kecskemét","1-2","MTK Budapest","1824"
"15","2023-12-02","19:30:00","Kisvárda","0-0","Debrecen","2050"
"15","2023-12-02","15:30:00","Vidi","3-1","Puskás","2172"
"15","2023-12-03","15:15:00","Diósgyőr","0-3","Zalaegerszeg","3652"
"15","2023-12-03","17:45:00","Ferencváros","0-0","Mezőkövesd","6127"
"15","2023-12-03","12:45:00","Újpest","1-2","Paks","3078"
"4","2023-12-06","19:30:00","Mezőkövesd","0-2","Ferencváros","2216"
"16","2023-12-08","20:00:00","Puskás","3-0","Kecskemét","1000"
"16","2023-12-09","13:15:00","MTK Budapest","2-1","Debrecen","2000"
"16","2023-12-09","15:45:00","Zalaegerszeg","1-1","Újpest","1755"
"16","2023-12-10","13:00:00","Kisvárda","1-2","Diósgyőr","1841"
"16","2023-12-10","15:30:00","Mezőkövesd","0-2","Vidi","1527"
"16","2023-12-10","18:00:00","Paks","3-2","Ferencváros","4201"
"17","2023-12-16","17:30:00","Diósgyőr","3-3","MTK Budapest","3412"
"17","2023-12-16","15:00:00","Kisvárda","4-0","Újpest","1815"
"17","2023-12-16","12:30:00","Vidi","3-0","Paks","4078"
"17","2023-12-17","16:00:00","Ferencváros","3-0","Zalaegerszeg","7017"
"17","2023-12-17","13:30:00","Kecskemét","1-1","Debrecen","2231"
"17","2023-12-17","18:00:00","Puskás","0-0","Mezőkövesd","800"
"18","2024-02-02","20:00:00","MTK Budapest","3-0","Újpest","3525"
"18","2024-02-03","17:30:00","Debrecen","2-2","Diósgyőr","5841"
"18","2024-02-03","15:00:00","Kisvárda","1-3","Ferencváros","3150"
"18","2024-02-03","12:30:00","Zalaegerszeg","3-1","Vidi","2479"
"18","2024-02-04","15:00:00","Mezőkövesd","0-3","Kecskemét","1950"
"18","2024-02-04","17:30:00","Paks","2-1","Puskás","2001"
"19","2024-02-06","20:00:00","Ferencváros","5-1","MTK Budapest","7014"
"19","2024-02-06","17:45:00","Újpest","1-2","Debrecen","2610"
"19","2024-02-07","17:45:00","Kisvárda","1-2","Vidi",NULL
"19","2024-02-07","20:00:00","Puskás","0-1","Zalaegerszeg","1234"
"19","2024-02-08","20:00:00","Kecskemét","2-1","Diósgyőr","2127"
"19","2024-02-08","16:00:00","Mezőkövesd","0-1","Paks","1451"
"20","2024-02-10","17:30:00","Debrecen","1-2","Ferencváros","12114"
"20","2024-02-10","12:30:00","Kisvárda","0-2","Puskás","1725"
"20","2024-02-10","15:00:00","MTK Budapest","0-2","Vidi","2839"
"20","2024-02-11","14:45:00","Diósgyőr","1-2","Újpest","6645"
"20","2024-02-11","12:30:00","Paks","1-0","Kecskemét","2310"
"20","2024-02-11","19:45:00","Zalaegerszeg","1-1","Mezőkövesd","1998"
"21","2024-02-16","20:00:00","Paks","3-4","Zalaegerszeg","1600"
"21","2024-02-17","13:00:00","Kecskemét","1-0","Újpest","4368"
"21","2024-02-17","15:30:00","Mezőkövesd","1-2","Kisvárda","1451"
"21","2024-02-18","17:30:00","Puskás","6-1","MTK Budapest","1231"
"21","2024-02-18","15:00:00","Vidi","1-0","Debrecen","4770"
"22","2024-02-23","20:00:00","MTK Budapest","3-1","Mezőkövesd","1734"
"22","2024-02-24","17:30:00","Debrecen","1-0","Puskás","4132"
"22","2024-02-24","15:00:00","Diósgyőr","4-0","Vidi","5164"
"22","2024-02-24","12:30:00","Zalaegerszeg","3-1","Kecskemét","2588"
"22","2024-02-25","15:00:00","Kisvárda","0-1","Paks","1910"
"22","2024-02-25","17:30:00","Újpest","0-5","Ferencváros","11202"
"23","2024-03-02","12:30:00","Debrecen","0-1","Mezőkövesd","3364"
"23","2024-03-02","18:45:00","Diósgyőr","1-1","Puskás","4805"
"23","2024-03-02","14:30:00","Kisvárda","1-0","Zalaegerszeg","1585"
"23","2024-03-03","16:30:00","Ferencváros","2-0","Kecskemét","11112"
"23","2024-03-03","14:00:00","MTK Budapest","0-2","Paks","2483"
"23","2024-03-03","19:00:00","Újpest","2-0","Vidi","3201"
"24","2024-03-08","20:00:00","Puskás","0-2","Újpest","2325"
"24","2024-03-09","15:15:00","Kecskemét","3-1","Kisvárda","2635"
"24","2024-03-09","12:45:00","Mezőkövesd","1-2","Diósgyőr","3850"
"24","2024-03-10","13:00:00","Paks","1-1","Debrecen","2489"
"24","2024-03-10","15:30:00","Vidi","0-2","Ferencváros","8061"
"24","2024-03-10","20:00:00","Zalaegerszeg","2-2","MTK Budapest","2124"
"25","2024-03-16","15:30:00","Diósgyőr","2-1","Paks","5587"
"25","2024-03-16","17:45:00","Kecskemét","0-1","Vidi","2548"
"25","2024-03-16","13:00:00","Újpest","2-2","Mezőkövesd","4383"
"25","2024-03-17","12:30:00","Debrecen","5-1","Zalaegerszeg","4002"
"25","2024-03-17","14:45:00","Ferencváros","1-1","Puskás","12107"
"25","2024-03-17","17:30:00","MTK Budapest","2-1","Kisvárda","1938"
"26","2024-03-29","20:00:00","Puskás","0-0","Vidi","3617"
"26","2024-03-30","14:30:00","Kisvárda","1-3","Debrecen","2580"
"26","2024-03-30","17:00:00","MTK Budapest","2-2","Kecskemét","2228"
"26","2024-03-30","19:30:00","Zalaegerszeg","5-1","Diósgyőr","3310"
"26","2024-03-31","18:00:00","Mezőkövesd","0-3","Ferencváros","4130"
"26","2024-03-31","15:30:00","Paks","1-2","Újpest","4108"
"27","2024-04-05","20:00:00","Újpest","1-5","Zalaegerszeg","6321"
"27","2024-04-06","19:30:00","Debrecen","1-2","MTK Budapest","5221"
"27","2024-04-06","16:30:00","Diósgyőr","1-1","Kisvárda","4398"
"27","2024-04-06","14:15:00","Vidi","5-0","Mezőkövesd","3233"
"27","2024-04-07","14:45:00","Ferencváros","1-0","Paks","17675"
"27","2024-04-07","17:30:00","Kecskemét","1-2","Puskás","3358"
"21","2024-04-10","18:00:00","Ferencváros","2-1","Diósgyőr","9473"
"28","2024-04-13","17:00:00","Debrecen","1-0","Kecskemét","5244"
"28","2024-04-13","14:30:00","Kisvárda","4-1","Újpest","2450"
"28","2024-04-13","19:30:00","Paks","1-2","Vidi","3511"
"28","2024-04-14","18:45:00","Mezőkövesd","0-4","Puskás","1498"
"28","2024-04-14","14:00:00","MTK Budapest","1-1","Diósgyőr","3739"
"28","2024-04-14","16:30:00","Zalaegerszeg","2-3","Ferencváros","9068"
"29","2024-04-20","19:30:00","Diósgyőr","5-3","Debrecen","6005"
"29","2024-04-20","17:00:00","Ferencváros","0-0","Kisvárda","13749"
"29","2024-04-20","14:30:00","Puskás","5-0","Paks","1000"
"29","2024-04-21","14:05:00","Kecskemét","2-1","Mezőkövesd","2083"
"29","2024-04-21","18:30:00","Újpest","1-2","MTK Budapest","3276"
"29","2024-04-21","16:00:00","Vidi","1-1","Zalaegerszeg","3756"
"30","2024-04-26","20:00:00","Zalaegerszeg","1-0","Puskás","2559"
"30","2024-04-27","19:30:00","Debrecen","1-0","Újpest","6592"
"30","2024-04-27","17:00:00","Diósgyőr","0-0","Kecskemét","5412"
"30","2024-04-27","14:30:00","Paks","2-1","Mezőkövesd","2034"
"30","2024-04-28","15:15:00","Kisvárda","1-0","Vidi","235"
"30","2024-04-28","17:45:00","MTK Budapest","1-2","Ferencváros","4638"
"31","2024-05-03","20:00:00","Vidi","4-0","MTK Budapest","3104"
"31","2024-05-04","13:00:00","Mezőkövesd","1-2","Zalaegerszeg","1320"
"31","2024-05-04","15:30:00","Puskás","4-2","Kisvárda","1310"
"31","2024-05-04","19:15:00","Újpest","7-0","Diósgyőr","5833"
"31","2024-05-05","18:30:00","Ferencváros","5-1","Debrecen","11959"
"31","2024-05-05","16:00:00","Kecskemét","0-0","Paks","2452"
"32","2024-05-10","20:15:00","Újpest","0-3","Kecskemét","5255"
"32","2024-05-11","19:30:00","Diósgyőr","2-0","Ferencváros","6634"
"32","2024-05-11","15:30:00","MTK Budapest","1-3","Puskás","2562"
"32","2024-05-11","17:30:00","Zalaegerszeg","1-1","Paks","3411"
"32","2024-05-12","19:30:00","Debrecen","1-0","Vidi","5347"
"32","2024-05-12","14:15:00","Kisvárda","4-3","Mezőkövesd","1200"
"33","2024-05-17","20:30:00","Mezőkövesd","1-1","MTK Budapest","700"
"33","2024-05-18","17:45:00","Paks","2-1","Kisvárda","3111"
"33","2024-05-18","17:45:00","Puskás","4-1","Debrecen","2181"
"33","2024-05-18","17:45:00","Vidi","0-0","Diósgyőr","6133"
"33","2024-05-19","20:15:00","Ferencváros","2-0","Újpest","18767"
"33","2024-05-19","17:15:00","Kecskemét","2-1","Zalaegerszeg","2461"
